Response_time,Load_time,page_size,broken_link,no_of_request,first_byte,start_render_time,largest_contentful_paint,total_link,markup_validation,time_to_interactive,compression,document_complete_time,byte_in,design_optimization,Speed
0.58,1.3,1.5,9,2,0.38,0.4,0.85,178,1,0.98,3.82,0.4,0.03,87,90
0.05,1.59,1.4,12,60,0.04,0.99,0.78,155,8,2.1,23.9,3.23,0.05,62,96
0.08,0.51,0.39,4,45,0.06,1.5,0.87,75,1,0.69,8.73,1.42,0.05,87,94
0.09,1.82,1.8,5,67,0.06,1.5,0.45,340.5,1,1.4,19.63,2.81,0.16,95,97
1.223,0.52,0.74,1,43,0.899,1.2,1.1,125,56,1.8,5.53,1.84,0.82,74,92
0.61,0.61,0.63,8,44,0.57,1.1,0.61,49,32,0.66,34.25,1.51,1.33,98,93
0.96,3.1,4.05,5,150,0.39,1.4,5.1,73,29,5.1,31,6.53,0.06,70,92
1.08,1.25,3.7,39,102,0.42,2.7,8.7,153,83,5.2,23.63,5.96,0.3,67,93
1.09,3.7,3.87,16,51,0.71,1.2,1.7,204,9,1.5,16.31,6.26,0.04,76,94
1.104,2.63,4.1,37,138,0.78,1.9,4.5,334,37,5.8,13.79,6.29,0.48,81,95
1.13,1.29,4.4,27,95,0.05,1.4,0.61,19,21,1.3,43.57,6.88,0.05,72,91
1.187,4.22,1.9,5,102,1.019,2.2,1.8,6,47,1.3,12.15,5.98,0.37,93,97
5.28,1.52,1.9,24,118,0.01,1,1.7,44,11,2.2,10.02,3.72,0.3,68,95
6.15,0.48,1,29,48,0.22,0.9,1.9,130,4,1.5,20.55,1.89,0.03,86,94
0.09,0.89,1.6,38,117,0.04,0.9,0.71,12,2,2.7,93.69,4.51,0.03,75,92
0.13,1.84,1.5,14,111,0.04,0.5,2.9,51,31,2.6,59.74,6.99,0.8,71,91
0.14,1.6,3.72,6,51,0.03,0.7,1.4,340.5,88.125,1.6,33.03,6.14,1.03,87,95
0.671,1.98,3.7,22,84,0.287,0.6,1.2,19,11,1,23.95,4.69,0.05,87,95
0.696,1.38,0.684,42,36,0.377,0.9,1.8,20,5,1.4,8,1.55,1.73,68,97
0.94,1.51,2.8,7,65,0.92,3.3,1.3,20,3,1.4,5.82,5.59,0.13,80,98
0.955,1.5,1.2,10,35,0.917,2.2,1.3,20,88.125,2.4,11.94,2.99,0.22,68,93
0.97,3.61,4.1,4,163,0.39,1.2,2.7,20,26,5.4,41.29,5.39,0.09,61,94
1.098,0.46,1.3,22,38,0.061,1.7,1.7,1,30,0.76,46.16,2.79,0.04,78,92
1,0.66,0.2,42,14,0.79,0.5,0.58,20,1,0.54,5.33,1.12,0.44,71,94
0.036,0.32,2.6,31,41,0.03,2.1,0.29,114,10,0.3,13.47,3.75,0.89,78,95
0.08,0.57,0.79,6,40,0.04,0.9,1.2,107,9,1.4,18.52,2.43,0.1,83,96
0.08,0.54,0.76,42,32,0.04,2.2,1.1,19,8,1.1,3.36,2.54,2.07,57,97
0.09,1.5,1.57,15,38,0.06,1.1,0.97,18,24,0.62,24.29,3.21,0.67,98,98
0.091,1.9,0.26,34,40,0.1,1,0.75,76,2,0.65,14.4,2.63,0.97,79,97
0.097,1.3,0.343,1,22,0.052,1.6,0.5,253,29,0.46,7.51,1.97,0.41,76,95
0.15,1.81,0.89,15,41,0.12,1.2,1.2,175,19,0.71,2.39,2.26,0.1,100,96
0.16,0.77,2.6,42,41,0.03,2.2,0.31,19,10,0.31,13.47,4.12,0.14,78,92
0.169,0.67,2.6,1,114,0.069,1,0.42,135,4,0.49,15.29,2.22,0.45,69,91
0.18,0.623,3.5,12,68,0.11,0.5,0.58,340.5,9,0.4,11.26,4.64,1.29,90,93
0.221,0.62,0.76,25,32,0.058,2.1,0.62,60,8,0.62,3.36,2.47,0.43,81,97
0.35,0.71,3.5,1,46,0.89,0.9,1.6,2,2,1.8,14.84,4.52,0.05,96,90
0.36,0.94,2.18,34,57,0.24,0.9,0.94,25,2,0.67,25.72,2.78,0.72,80,92
0.41,2.62,0.29,13,19,0.18,2,1.1,148,1,1,3.73,2.74,0.05,74,91
0.44,1.93,5.2,29,33,0.23,0.7,0.74,87,15,0.82,9.01,1.55,0.85,90,93
0.51,0.9,1,2,39,0.13,0.5,1.12,19,88.125,3.8,3.42,2.78,0.36,56,94
0.59,0.31,2.02,27,31,0.39,1.8,0.62,168,1,0.56,3.75,1.2,0.04,65,95
0.77,1.1,4.1,6,33,0.37,0.9,1.9,2,3,1.3,11.12,5.39,0.33,73,96
0.77,1.87,0.43,10,36,0.23,1.1,2.2,12,22,1.7,3.69,2.07,1.71,57,98
0.85,0.53,2,20,21,0.38,1.7,4.1,163,44,4.5,10.51,3.36,0.12,69,94
0.85,2.18,0.96,21,31,0.4,1.4,2.3,139,14,1.5,8.42,2.49,0.39,74,95
0.96,1.62,1.3,40,42,0.45,0.9,1.3,146,5,1.3,6.53,2.53,0.13,69,96
1.06,3.15,0.98,11,25,0.217,1.7,2,10,4,2,6.79,2.26,0.4,42,95
1.352,0.69,1.9,6,40,0.391,1.6,1.9,340.5,7,1.9,17.91,2.95,0.03,67,94
1.44,2.5,1.05,16,34,0.14,1.7,0.82,172,23,0.89,5.68,2.65,1.8,95,93
2.416,0.94,1.2,21,57,0.89,1.6,3.1,91,4,2.6,8.99,2.8,0.95,72,92
0.09,2.1,2.8,11,51,0.08,1.9,2.1,32,2,1.5,35.64,3.07,0.76,63,91
0.11,0.72,1.5,7,40,0.07,1.9,1.2,216,1,1.3,8.67,3.4,0.36,69,97
0.11,1.46,0.63,17,40,0.03,0.3,0.16,314,1,0.13,3.55,2.59,0.12,81,91
0.145,0.78,1.2,8,55,0.091,1,3.2,272,2,8.3,14.45,1.95,0.11,80,92
0.16,0.8,1.69,16,62,0.08,1.4,0.6,116,31,0.5,30.35,3.63,2.22,72,96
0.16,0.96,1.2,9,70,0.06,2,1.6,0,64,1.3,0.15,3.34,0.08,79,97
0.17,1.34,1.8,4,46,0.11,1.2,0.31,20,33,1,0.94,3.32,1.81,73,98
0.24,1.77,0.94,0,41,0.11,1,0.5,50,2,3.4,0.98,2.86,0.11,71,95
0.38,0.63,0.94,19,56,0.28,0.5,0.38,12,6,0.23,11.9,2.18,0.17,94,96
0.579,1.59,0.53,12,46,0.359,1,5.6,33,3,10.3,6.13,1.59,0.24,60,92
0.652,0.48,1.2,3,35,0.524,1.5,3.7,78,12,1.6,11.53,2.51,1.62,94,91
0.79,0.67,0.64,19,30,0.56,1.2,1.4,125,15,1.4,8.94,1.75,0.03,56,93
0.93,1.6,2.26,1,62,0.03,1.6,0.78,340.5,11,0.97,17.47,4.03,0.08,78,96
0.94,0.79,0.93,6,29,0.72,0.9,1.3,64,17,1.6,6.99,1.95,0.05,76,95
3.28,1.08,5.3,21,37,0.69,1.4,44.8,24,4,4.38,17.68,2.8,0.75,69,97
3.679,5.04,1.3,6,132,1.15125,4.3,5.6,128,9,4.7,38.04,5.69,1.21,79,98
0.05,0.709,1.92,20,54,0.04,1,0.41,161,7,0.45,27.7,1.85,0.19,83,99
0.05,0.27,0.11,18,10,0.027,0.9,0.38,30,1,0.34,10.41,1.28,0.02,82,96
0.05,0.54,0.22,19,19,0.04,1.1,2.8,103,3,0.44,2.24,2.55,0.76,94,97
0.05,0.67,0.31,16,26,0.04,0.4,0.63,89,2,0.58,1.33,1.62,0.33,84,92
0.07,0.88,1.2,36,33,0.042,0.6,0.29,340.5,1,0.22,17.92,1.41,0.67,69,96
0.13,1.03,1.3,28,36,0.06,0.6,0.78,340.5,1,1.4,7.69,1.88,0.28,81,80
0.133,0.6,1.8,38,45,0.026,1.1,0.3,81,10,0.38,15.11,2.1,0.08,75,80
0.15,0.91,1.2,5,33,0.13,0.6,0.29,14,1,0.38,18.13,1.4,0.32,69,81
0.16,1.56,0.82,27,39,0.101,1.7,0.73,72,10,0.73,13.83,2.53,0.07,67,80
0.2,0.4,0.84,22,26,0.07,0.5,0.24,122,1,0.3,4.99,1.68,0.07,57,81
0.21,1.15,2.4,21,117,0.07,0.9,0.44,192,10,0.64,42.69,2.3,0.56,89,80
0.43,0.83,0.35,39,17,0.19,1.5,0.61,42,1,0.64,12.58,1.79,0.35,83,80
0.452,0.84,1.2,39,29,0.07,0.7,0.59,160,8,0.73,24.81,1.88,0.22,82,80
0.825,1.66,0.951,10,21,0.432,0.7,3.7,84,1,1,0,1.8,0.41,83,81
0.97,1.98,1,0,10,0.39,1.9,2.1,149,42,2.1,3.75,1.99,0.39,75,81
1.3,0.74,1.1,11,82,0.28,0.8,1.4,25,3,1.5,22.83,2.14,0.1,52,80
0.05,0.484,2.2,3,54,0.05,1,0.6,47,26,1.3,0.92,3.78,0.05,80,83
0.063,1.89,2.2,48,51,0.04,0.8,1.4,25,26,1.1,0.91,3.73,0.47,80,80
0.09,0.78,0.47,29,39,0.06,1.2,0.2,69,1,0.24,7.53,2.09,0.38,82,81
0.1,1.6,1.6,30,37,0.03,0.5,0.84,39,23,0.98,15.61,2.57,0.45,74,82
0.1,0.43,0.76,5,36,0.04,0.7,0.43,340.5,10,0.33,10.12,1.68,0.64,72,82
0.1,0.59,0.18,16,15,0.07,0.6,0.53,124,1,0.46,1.92,1.2,0.08,83,82
0.106,0.53,0.19,46,15,0.07,0.8,0.89,208,9,0.84,1.92,1.19,0.71,80,81
0.17,1.35,1.9,11,46,0.2,1.3,0.66,104,45,4.2,11.91,3.31,0.38,95,80
0.31,0.61,0.893,7,37,0.03,0.7,0.52,31,30,0.49,47.44,1.73,0.36,68,82
0.31,1.29,0.04,30,37,0.26,1.8,0.9,66,42,0.74,2.8,2.34,0.36,72,80
0.37,0.87,1.8,19,78,0.1,1.2,1.4,119,88,1.5,28.1,3.59,0.69,71,80
0.576,0.28,1.4,22,31,0.39,1.6,4.9,197,1,0.78,3.79,2.67,0.18,76,81
0.74,0.91,1.6,26,26,0.35,2.1,1.4,25,7,1.3,12.04,4,0.89,73,80
0.79,1.8,1.3,23,41,0.46,1.2,1.2,174,9,1.5,11.43,1.56,1.41,68,80
0.81,1.09,2.1,2,64,0.27,0.9,1.6,71,26,4.6,26.65,2.53,2.11,87,81
0.82,0.3,1,30,26,0.46,0.9,1.6,156,38,1.1,5.33,2.1,0.31,71,80
0.85,2.9,0.38,5,11,0.14,1,1.6,79,6,1.5,3.48,1.22,0.23,62,81
1.08,2.4,2.1,20,27,0.52,1.2,1.6,49,4,1,14.9,4.02,0.03,98,80
0.05,0.54,0.61,40,23,0.04,0.6,0.24,118,1,0.34,17.05,1.43,0.1,69,80
0.05,0.6,0.62,38,23,0.04,0.6,0.28,129,1,0.39,17.05,1.39,0.25,69,80
0.05,0.4,0.14,17,2,0.03,1.6,3.2,96,5,4.2,13.59,7.27,0.2,71,81
0.05,0.12,1,15,2,0.04,1.3,4.2,195,34,2.2,0.22,0.35,0.04,70,82
0.057,0.54,0.79,27,14,0.055,1.2,0.78,134,3,0.68,1.91,5.71,0.03,85,81
0.08,0.1,0.27,15,24,0.05,0.9,3.8,72,6,0.53,3.85,3.5,0.04,74,82
0.08,0.66,0.17,0,4,0.06,1.1,0.23,38,1,1.5,0.8,3.5,0.04,76,83
0.09,0.12,0.15,4,5,0.07,1.2,0.4,205,7,1.7,57,1.74,0.12,83,84
0.1,0.102,0.49,23,14,0,1.1,1.2,179,3,1,38.37,12.43,0.05,72,80
0.1,0.34,0.52,4,13,0.06,0.7,0.32,340.5,22,3.23,2.96,0.89,0.18,63,82
0.11,0.57,0.6,3,23,0.12,0.48,0.31,87,1,0.35,18.22,1.43,0.03,58,82
0.11,0.59,0.63,42,23,0.04,0.6,0.27,69,1,0.37,17.26,1.44,0.35,69,80
0.11,0.87,0.29,6,21,0.108,0.6,0.48,275,1,0.89,3.71,5.51,0.75,85,82
0.13,0.7,0.7,15,43,0.04,1.2,0.67,18,45,0.6,1.26,1.88,0.03,72,81
0.15,1.65,1.4,27,2,0.03,1.1,0.92,146,26,0.9,18.62,2.54,0.24,67,80
0.15,0.58,0.6,5,23,0.04,0.6,0.29,104,1,0.38,17.24,1.42,0.72,69,82
0.15,0.62,0.61,12,23,0.04,0.6,0.3,16,1,0.24,17.23,1.44,0.15,69,81
0.16,0.62,0.6,30,23,0.05,0.6,0.32,330,1,0.39,17.29,1.43,0.13,69,81
0.16,0.29,1.4,5,2,0.03,1.7,0.87,73,14,1.5,10.26,7.45,0.04,87,82
0.16,0.11,0.27,37,19,0.14,0.7,11.4,16,1,11.8,3.85,9.44,0.62,70,80
0.17,0.49,1.6,34,29,0.04,0.9,0.32,143,3,0.36,38.63,3.42,0.75,55,80
0.19,2.3,0.14,28,13,0.13,0.7,0.43,87,35,0.67,8.75,0.94,0.04,74,80
0.2,0.9,0.79,4,3,0.18,1.4,1.3,15,88.125,1.2,0.29,1.36,0.69,76,82
0.21,0.61,0.6,31,24,0.05,0.6,0.33,18,1,0.38,17.21,1.42,0.22,69,80
0.22,0.46,0.62,25,13,0.16,0.9,7.5,63,72,1.2,4.3,1.73,0.04,82,81
0.24,0.64,0.61,46,23,0.05,0.6,0.3,78,1,0.39,18.21,1.44,0.07,69,80
0.24,0.51,0.07,1,8,0.03,0.8,0.27,340.5,1,0.49,17.75,0.85,0.1,56,84
0.26,6.9,3.1,3,2,0.03,5.6,1.8,77,1,1.4,9.44,8.99,0.04,68,80
0.28,0.58,0.61,23,23,0.21,0.6,0.32,84,1,0.37,18.18,1.46,0.97,69,81
0.31,1.55,1.2,43,12,0.04,0.6,0.4,185,1,0.36,18.61,1.45,0.05,69,81
0.31,0.64,1.2,33,19,0.17,1,0.38,77,3,0.78,1.55,2.4,0.24,77,84
0.32,0.97,0.47,28,11,0.05,2.9,0.49,139,2,0.89,10.88,4.73,0.04,82,83
0.33,1.14,2.3,30,34,0.54,1.1,2.6,129,6,0.65,16.45,2.6,0.51,60,80
0.45,0.65,1.5,8,55,0.36,1.4,1.9,340.5,19,1.8,3.15,1.44,0.05,76,81
0.466,0.3,1.4,12,2,0.06,1,0.7,144,8,0.8,20.86,2.34,0.05,84,82
0.47,1.76,1.4,46,9,0.37,0.5,6.9,88,1,0.62,3.51,0.73,0.02,66,80
0.47,1.19,1.2,40,13,0.35,0,2.3,21,27,2.2,1.09,0,0.05,68,83
0.48,0.15,0.18,7,10,0.36,2.3,0.53,44,40,3.2,4.8,1.02,0.03,61,84
0.53,0.17,0.59,8,17,0.19,3.1,1.8,211,54,5.2,19.93,3.66,0.05,86,86
0.59,0.2,0.29,12,8,0.05,1.6,2.5,49,8,2.7,1.11,1.25,0.03,91,85
0.66,0.97,0.75,9,15,0.45,1,1.5,130,19,1.4,5.21,1.25,0.63,83,84
0.663,0.71,4.6,17,26,0.452,0.9,1.7,53,6,1.4,14.2,6.16,0.03,86,85
0.69,0.58,3.2,12,2,0.48,1.7,1.3,152,8,0.95,24.9,2.91,0.04,64,86
0.69,0.29,0.2,7,2,0.52,1,1.3,5,10,1.3,10.85,4,0.04,80,87
0.697,2.01,4.2,9,49,0.08,0.9,0.85,49,6,1,26.56,2.5,0.1,61,88
0.71,0.75,0.56,36,15,0.38,1.5,2.9,84,16,3.8,11.41,2.36,0.25,64,89
0.752,0.63,0.87,4,52,0.343,1.7,2.6,15,11,2.9,42.05,2.29,0.39,44,86
0.82,1.68,1.1,18,43,0.39,0.9,0.86,177,1,7.15,15.2,2.12,0.03,71,85
0.92,0.68,0.49,3,20,0.66,2.9,3.9,63,45,3.8,104.46,8.56,0.04,55,86
0.92,0.66,0.62,3,20,0.69,1.4,1.2,96,8,1.1,0.11,2.92,0.04,82,87
1.324,3.14,0.77,0,1,0.3048,0,4.8,340.5,34,6.4,0.57,3.109,0.47,76,89
1.7,0.32,1.3,26,18,0.77,1.2,2.5,340.5,3,2.5,55.26,2.02,0.21,76,88
1.76,2.95,0.34,8,17,0.97,1.6,2.3,62,54,2.1,8.27,2.18,0.41,74,87
2.24,1.86,1.2,31,9,0.39,1.3,0.81,39,18,0.94,2.5,2.46,1.18,68,86
2.33,0.14,0.25,32,20,0.28,2.3,0.81,32,1,2.6,3.75,6.81,2,66,85
3.18,2.47,1.3,44,50,0.67,1,1.2,300,7,1.5,36.72,1.61,15.07,64,85
5.05,0.98,1.3,21,17,0.03,0.4,0.214,94,7,0.14,9.12,0.87,0.21,94,85
5.38,0.45,1.2,16,3,0.086,1.6,0.66,56,4,0,14.369,1.52,0,77,80
0.619,1.76,3.6,2,41,0.42,1,1.5,20,3,1.3,4.08,2.1,0.1,71,85
1.31,2.05,2.5,7,33,0.26,1.4,2,49,2,1.8,6.29,2.7,0.06,49,87
1.67,1.2,3.4,38,35,0.05,1.7,0.42,115,21,0.36,1.08,2.08,0.13,81,86
1.11,0.57,1.2,1,23,0.21,0.5,0.27,40,1,0.35,17.9,1.43,0.12,69,87
13.256,4.04,10.8,2,302,0.02,2.2,1.6,36,6,1.4,1.82,11.23,0.1,61,71
0.08,1.81,11.28125,17,121,0.029,2.6,0.59,105,68,1.5,14.84,9.36,1.13,61,70
0.18,2.59,11.28125,37,78,0.1,2,7,65,10,1.2,14.46,23.77,0.05,86,70
0.2,4.89,2.3,38,151,0.09,1.7,0.7,99,6,5.1,112.91,6.56,0.1,91,73
0.22,1.79,2.7,31,173,0.15,1.6,1.4,97,11,1.5,28.88,20.61,0.75,86,74
0.23,3.4,6.95,37,86,0.17,0.9,0.46,65,60,1,156.47,10.35,0.13,72,72
0.27,2.68,5.2,40,100,0.09,2.6,2.7,113,40,1.2,63.21,11.74,0.39,74,74
0.293,2.15,11.28125,25,210,0.078,6.8,1.5,66,17,1.9,2.9,20.11,0.38,94,71
0.33,8.46875,6.5,24,146,0.3,4.4,1.7,340.5,8,2.2,21.56,11.68,0.08,66,72
0.33,1.52,8,49,104,0.24,1,2.8,64,65,2.1,18.82,12.29,0.12,87,74
0.36,1.62,6,14,97,0.2,1.2,0.35,151,88.125,1.9,38.55,8.06,0.2,84,74
0.36,3.56,5.5,34,175,0.13,1.8,1.9,41,56,1.9,8.29,10.24,0.59,71,73
0.39,8.1,11.28125,44,50,0.1,3.1,0.73,1,5,1.2,12.03,7.39,0.31,72,74
0.42,7.9,11.28125,15,106,0.05,1.9,4.6,4,27,2,33.04,22.49,2,58,70
0.5,3.23,3.5,47,247,0.31,1.3,1,83,37,4,22.3,7.87,0,65,72
0.547,1.28,8.3,32,190,0.46,3.5,19.6,78,1,11.3,14.19,4.32,0.64,86,73
0.584,4.83,4.1,48,169,0.14,4.2,4.7,80,47,9.8,13.8,8.63,2.3,70,72
0.61,4.27,10.3,21,158,0.57,1.6,1.3,340.5,12,1.8,32.28,12.52,0.042,82,73
0.631,0.97,3.3,3,115,0.06,0.9,0.53,107,19,1.2,32.21,31.6,0.26,74,74
0.69,2.94,9.9,2,360,0.39,0.6,1.3,170,10,6,58.7,3.65,0.02,76,70
0.738,4.62,4,29,166,0.91,5.7,14.8,89,8,2.1,19.85,5.52,0.32,62,73
0.74,4,10.9,44,151,0.34,2.3,2,218,39,2.7,0.78,15.32,0.14,57,71
0.904,8.46875,3.6,11,119,0.157,2.6,3.8,31,18,3.5,11.06,6.22,0.04,58,74
1.08,3.28,8.8,36,134,0.07,1.6,0.64,172,80,1,6.58,10.02,0.32,71,73
1.102,8.46875,1.1,30,57,0.68,4.03,6.2,1,27,6,1.34,5.09,0.03,61,73
1.16,2.45,3.2,47,76,0.19,1.2,1.5,22,7,8.44,267.19,4.25,0.04,88,72
1.19,8.46875,2.8,11,113,0.51,0.5,1.6,12,8,11.4,43.29,5.72,0.04,75,72
1.26,2.47,6.9,25,181,0.4,1.6,2.3,18,35,6.1,139.26,6.8,0.05,79,72
1.384,1.97,11.28125,11,163,1.015,1.9,1.1,212,1,1.9,30.88,6.97,0.04,65,70
1.41,2.77,4.7,38,166,1.1,3.4,3.7,150,50,4.3,17.56,8.12,0.027,97,73
1.42,8.46875,5.73,13,91,0.64,10.3,6.2,89,16,12.2,15.05,6.85,0.04,86,74
1.54,5.32,6.6,24,186,1.15125,6.2,2.2,55,16,7.6,15.14,10.31,0.04,85,73
1.677,6.53,5,10,121,0.818,7.6,4.3,119,17,3.4,15.18,8.19,0.39,63,74
1.68,4.01,2,44,137,0.81,1.8,1.2,1,13,4.6,15.8,8.36,0.04,75,74
2.09,4.1,4.4,41,105,0.4,4.5,4.6,340.5,88.125,6.4,18.59,10.67,0.11,72,70
2.32,5.08,5.3,49,154,0.43,7.1,2.3,205,6,4.8,26.14,6.96,0.06,43,71
2.46,6.78,7.5,22,201,0.73,3.3,3.6,33,31,2.3,13.8,13.04,0.14,68,70
2.565,5.08,5.6,28,144,1.15125,3.2,14.7,44,9,3.5,9.76,14.03,0.1,59,71
2.63,8.46875,7.2,9,135,1.101,4.6,7.2,149,9,6.1,13.04,13.41,0.42,57,71
2.64,8.46875,3.67,48,74,0.32,4.2,8.5,131,6,7.4,64.12,7.58,1.11,72,71
2.81,3.35,9.9,47,106,1.11,3.1,3.1,46,24,3.4,19.78,12.68,0.03,59,72
2.86,8.46875,5.7,4,95,1.15125,4.5,7.9,15,30,4.8,19.07,14.25,0.48,50,72
3.38,8.46875,6.6,3,120,1.15125,4.3,5.1,68,15,5.6,18.69,9.1,0.03,86,72
3.41,4.94,7.1,43,140,1.15125,8,8,18,13,7.5,25.24,12.07,0.11,63,70
4.49,4.4,2.3,12,117,1.15125,3.5,5.6,20,31,5.2,27.79,7.75,0.17,81,73
4.905,8.46875,3.8,32,71,0.496,6.9,8.2,33,9,8.3,16.37,9.42,0.03,84,72
5.1,1.66,8.1,21,71,0.04,9.2,1.2,66,44,1.2,4.54,10.83,0.06,90,74
6.63,4.3,4.3,25,77,1.15125,0.7,1.5,275,17,2.2,12.1,5.92,0.03,86,74
0.12,3.33,6.7,10,120,0.04,0.9,7.15,10,48,8.7,110.94,11.44,0.46,92,74
0.2,6.6,11.28125,15,198,0.11,1.3,0.57,42,56,1.4,34.38,8.99,0.07,66,71
0.21,2.2,2.39,32,101,0.04,1.1,0.75,54,32,1.4,456.89,6.72,0.05,87,70
0.297,2.4,11.28125,48,98,0.17,3.1,0.93,91,9,3.4,26.96,16.09,0.03,73,73
0.349,3.23,4,32,186,0.11,1.6,1.7,2,88.125,2.7,16.8,6.85,0.05,94,74
8.123,2.07,4.9,10,147,0.06,3.8,0.88,19,82,0.96,24.88,7.2,0.17,79,72
0.39,8.46875,5.98,14,115,0.08,12.3,0.5,233,88.125,8,14.21,12.63,0.03,45,70
0.43,7.9,7.28,26,118,0.23,3,1,110,1,1.7,27.18,9.66,0.05,83,73
0.59,1.86,1.7,35,149,0.36,2.2,19.6,58,28,20,58.46,2.6,0.1,79,74
0.72,0.99,11.28125,41,210,0.28,1.4,1.1,310,34,5,46.34,15.19,0.05,55,70
0.8,2,1.57,22,217,0.44,1.7,0.59,105,88.125,0.54,19.6,5.54,0.034,59,74
0.88,2.18,4.7,15,215,0.36,1.2,3.4,73,19,3.5,12.16,7.76,0.04,72,74
1.19,1.77,6.5,49,182,0.22,2.3,0.58,155,15,1,10.85,8.63,0.917,83,73
1.319,4.25,3.6,15,174,1.15125,2.7,2.5,103,53,3.9,27.43,8.78,0.086,80,73
1.45,2.17,6.4,47,142,1.07,2.3,2.8,201,6,3,15.74,9.82,0.061,83,74
1.489,6.98,3.9,45,149,0.716,1.1,10.2,152,8,5.8,25.17,5.08,0.356,83,72
1.76,8.1,2.04,25,247,0.1,10.8,1.8,203,22,3.7,14.25,6.12,0.78,80,71
2.332,2.19,3.5,32,113,0.177,3.4,3,122,88.125,3.8,23.09,7.07,0.055,62,70
3.79,5.3,6.29,13,138,0.89,2.6,0.55,340.5,10,1,15.5,6.9,0.11,66,74
6.78,4.01,5.4,14,185,0.76,4,3.8,111,8,1.8,10.91,10.96,0.101,63,71
0.1,8.46875,2.46,32,74,0.03,1.3,4.5,340.5,55,6.5,73.27,3.73,0.218,58,73
0.15,1.51,2.2,37,86,0.06,1.4,1.2,139,3,2.3,324.96,4.77,0.42,83,73
0.29,5.4,5.2,24,384,0.15,1.2,1.2,94,2,4.8,15.77,2.11,0.03,83,70
0.535,0.71,11.28125,19,113,0.194,1.8,0.56,50,21,1.5,91.48,8.76,3.48,86,73
0.711,0.68,3,45,58,0.402,2.1,8.7,340.5,88.125,1.7,13,4.39,0.026,83,73
0.944,5.84,5.1,39,17,0.67,9.1,32.5,185,19,10.5,4.62,9.74,0.06,65,74
0.96,2.16,5.3,22,65,0.45,1.3,6.8,134,18,6.7,12.99,39,0.11,75,72
1.34,8.46875,1.78,24,98,0.04,2.5,0.95,340.5,2,1.9,21.12,8.28,0.12,82,72
1.51,1.3,11.28125,4,190,0.95,1.4,4.8,340.5,24,4.1,0.6,16.94,0.01,65,73
1.54,8.46875,7.9,8,51,0.706,0,2.4,195,2,2.4,7.03,1.32,0.11,71,72
2.471,8.46875,2.1,36,47,0.844,1.4,2.4,71,1,2.4,6.17,11.91,0.06,61,70
2.58,5.5,1.78,7,137,0.41,1.8,1.1,340.5,16,1.4,98.66,3.6,1.26,67,74
2.873,8.46875,3.6,15,241,1.15125,3.9,8.7,340.5,3,9.7,24.88,11.08,0.259,75,70
2.89,2.87,0.99,4,25,1.15125,2.5,10.2,22,45,9.4,11.43,53.37,0.06,69,70
4.03,2.56,1.1,26,77,0.36,2.3,4.1,56,6,3.5,245,3.36,0.43,68,72
5.309,0.89,0.9,5,49,0.59,1.9,1.9,275,45,1.5,4.73,30.24,0.03,65,73
6.21,4.7,5.25,20,160,0.97,2.5,2.4,84,6,3,22.41,10.65,0.295,72,73
6.74,2.43,1.9,42,63,1.15125,2.6,2,40,19,2.1,30.85,4.74,1.015,58,74
7.09,1.65,5.2,8,93,1.15125,1.8,2.8,52,6,2.8,18.2,7.9,0.05,83,74
8.2,3.6,3.08,44,208,0.05,1.5,2.7,185,1,2.6,34.9,6.49,0.2,58,72
12.86,7.34,0.66,33,65,1.15125,3.6,6.6,103,7,6,8.97,5.57,0.15,58,70
0.22,0.87,4.4,26,266,0.06,1.2,2,123,8,6.8,30.08,2.23,0.12,88,74
0.22,1.49,11.28125,18,105,0.16,2.1,3.4,229,21,1,25.04,18.96,0.07,69,73
0.46,3.39,5.2,42,193,0.16,2.6,1.5,248,88.125,3.1,24.93,3.81,0.09,70,72
0.52,2.72,6.2,44,79,0.356,1.3,1.2,101,33,2.6,67.79,13.18,1.07,79,74
0.65,8.4,2.36,21,238,0.22,1.2,0.8,69,30,3.4,76.82,2.52,0.08,86,73
0.69,8.46875,1.2,2,116,0.1,1.2,0.39,144,3,3.8,5.92,8.58,1.1,64,71
0.75,5.7,7.83,28,59,0.37,1.1,3.1,184,34,4,14.87,13.34,0.06,69,74
0.85,2.09,5.1,27,106,0.04,1.5,3.9,46,88.125,3.8,60.15,8.58,0.07,58,73
0.896,5.51,3.8,46,90,0.409,4.1,2.7,122,33,2.2,26.18,8.39,0.36,59,74
0.91,8.46875,11,8,104,0.38,1.5,4,31,12,4.5,15.08,8.12,0.36,67,73
1.11,4.84,7.3,11,258,0.04,0.5,2.6,39,3,4.1,40.18,4.69,0.41,68,72
1.18,0.82,11.28125,14,141,0.18,1.4,3.2,87,18,13.2,27.72,6.85,0.06,75,72
1.46,1.8,10.3,8,140,1.15125,3.2,0.66,82,26,0.56,66.42,16.14,0.41,72,74
1.706,5.83,6.8,0,95,1.15125,3.4,27.4,340.5,18,0.42,48.9,12.68,0.14,72,73
1.91,1.65,2.7,48,145,1.06,2.8,3,89,14,3.2,33.77,5.42,0.06,68,74
1.91,2.77,5.7,15,102,1.15125,5.9,2.8,93,19,3.4,28.7,16.48,0.03,71,74
2.05,2.75,8.8,32,113,0.97,4.2,2.4,108,34,3.4,27.45,11.38,0.26,69,73
2.154,4.99,2.1,22,156,1.15125,2.5,3.2,334,12,5,12.13,5.15,0.027,69,74
3.19,8.3,4.77,19,203,1.15125,9.1,5.7,188,8,5.7,23.45,15.35,0.18,69,70
3.48,3.83,6.7,13,101,1.15125,4.3,15.7,215,12,16,15.56,11.89,0.04,56,73
3.57,4.1,4.9,44,111,0.4,2,2.5,72,15,2,7.26,7.68,0.1,54,73
4.05,3.6,6.32,36,79,1.15125,11,2.5,20,7,1.9,11.48,24.88,0.06,73,71
5.4,3.9,8.71,34,69,0.13,1,2.9,91,47,2,14.14,11.68,0.42,80,73
5.886,7.86,1.2,4,69,1.15125,4.3,3.9,27,12,8.7,8.03,14.58,0.14,65,73
6.049,3.8,4.3,2,273,0.105,3.2,2.4,46,88.125,5.2,36.19,6.59,0.31,75,70
7.1,4.3,10.1,12,151,0.04,2,2.3,62,16,1.8,21.71,13.95,0.11,79,72
8.629,8.35,2.4,4,61,1.15125,7.6,8.1,163,2,7.6,0.17,14.83,0.11,68,71
0.68,1.3,2.59,7,344,0.24,1.3,0.41,72,3,1.2,10.13,4.15,1.13,66,73
4.66,2.1,2.81,19,157,0.22,1.7,1.6,24,15,1.1,11.09,5.92,0.34,78,74
6.5,4.1,11.28125,13,75,0.8,2.3,1.3,28,10,1.9,10.73,21.75,0.07,68,70
8.75,1.1,2.46,49,54,0.05,1.5,0.58,87,5,0.73,10.75,3.73,0.04,80,74
0.34,1.81,11.28125,15,174,0.03,0.7,1,133,1,1,58.7,8.19,0.11,75,73
0.78,1.05,8.9,6,210,0.69,1.9,1.6,340.5,16,9.8,18.77,8.3,0.02,64,74
0.81,4.2,11.28125,22,44,0.45,1.9,2.2,61,8,1.9,17.09,22.25,0.1,79,73
1.17,1.21,4.9,49,225,0.62,1.4,5.7,1,88.125,5.3,35,5.45,0.002,79,71
1.64,4.36,10.6,44,70,0.34,2.5,4,62,88.125,3.9,12.24,16.74,0.06,76,71
3.19,8.46875,5.04,1,126,1.15125,2.2,3.1,223,7,5.2,3.91,11.2,0.19,67,72
4.19,7,6.53,36,31,0.75,3.3,1.3,207,25,5.3,4.07,11.89,0.05,70,73
0.04,1.15,3.36,0,347,0,1.6,0.91,115,1,6.4,0.7,4.53,0.16,69,73
0.06,3.6,2.57,32,227,0.03,0.4,0.26,44,2,3.5,30.38,0.82,0.45,88,74
0.23,1.01,9.5,25,38,0.17,1.3,1.4,17,88.125,1.4,1.41,2.36,0.06,67,71
0.55,8.46875,2.61,41,216,0.47,1.8,1.2,18,12,3.2,17.78,4.72,0.08,73,71
0.68,1,4.36,29,350,0.1,0.34,0.62,190,50,6.1,82.92,7.59,0.4,70,70
1.091,7.5,1.95,26,180,0.75,2.4,4.9,45,10,5.5,1.54,11.82,0.09,76,74
2.59,1.54,11.28125,40,88,0.98,3.4,5.5,41,2,3.3,4.25,12.4,0.28,82,73
4.03,5.53,6.72,44,88,1.15125,3.9,5.5,56,15,2.7,2.1,2.3,0.24,92,73
0.05,1.52,2.9,7,95,0.05,1.1,0.72,113,7,2.6,20.17,3.39,0.03,59,85
0.063,3.27,1.3,4,151,0.051,0.8,0.3,155,15,1.68,61.62,8.55,0.29,72,86
0.07,1.22,2.6,30,168,0.04,1,0.79,22,7,1.4,15.36,4.58,0.03,88,87
0.08,4.4,1.95,48,73,0.03,2,0.39,32,66,1.1,32.3,3.42,0.04,79,88
0.08,0.96,2.9,7,208,0.07,1,0.88,48,10,2.2,16.01,1.5,0.37,97,89
0.09,3.35,1.7,6,77,0.08,0.9,0.62,36,58,0.86,16.62,3.7,0.01,83,86
0.1,1.18,5.5,26,92,0.049,1.8,1.1,57,55,1.3,0.91,8.4,0.02,84,85
0.11,0.93,3.5,24,78,0.08,0.6,1.5,39,49,0.95,23.89,5.11,0.11,69,86
0.11,1.55,1.5,18,103,0.034,1.3,1.1,83,12,1.2,0.76,3.39,0.24,72,85
0.12,8.46875,2.15,37,56,0.05,2,0.42,103,22,0.52,17.02,3.14,0.19,77,86
0.13,1.33,4.2,38,119,0.05,1,0.4,131,12,2.5,20.1,6.72,0.07,83,76
0.132,4.75,4.1,26,149,0.07,3.8,1.4,24,51,1.1,26.48,7.81,0.18,61,75
0.17,3.7,3.42,46,84,0.12,2.7,1.3,114,44,1.5,8.21,6.79,0.69,67,76
0.19,3.96,11.28125,33,106,0.03,1.6,0.69,182,13,1.5,15.33,6.27,10.75,98,75
0.198,8.46875,9.8,2,54,0.11,1.3,0.74,114,53,1.4,0.44,5.18,0.63,66,76
0.2,2.17,8.3,10,95,0.02,1.6,1.7,163,45,1.6,0.48,11.5,0.08,65,77
0.22,3.2,5.29,3,70,0.1,1.8,2,93,88,1.2,19.37,8.46,0.22,71,78
0.23,1.52,2.2,9,117,0.14,0.8,1.6,11,38,3.1,10.71,5.68,0.06,88,78
0.235,8.46875,2.2,35,84,0.218,2.3,1,85,19,1.3,10.51,4.06,0.15,91,75
0.24,1.57,9.7,29,91,0.045,9.1,2.5,120,44,2.6,4.5,13.04,0.34,90,75
0.25,0.47,6.4,34,121,0.15,1.3,0.59,122,26,1.9,20.2,6.63,0.38,90,76
0.25,4.1,7.04,45,94,0.07,1.2,1.1,119,7,1.4,15.81,10.35,0.16,79,75
0.26,1.6,2.3,29,75,0.22,0.9,0.9,30,2,6.3,34.58,6.59,0.57,91,78
0.26,2.35,3.3,48,71,0.183,2,1,50,11,1.1,17.84,5.44,0.11,76,77
0.28,2.1,7.39,16,106,0.02,1.9,1.5,203,1,1.3,17.87,11.75,0.04,76,76
0.32,3.9,6.35,11,87,0.05,1.9,1.4,103,8,1.7,51.12,11.22,0.39,84,76
0.33,4.04,2.1,5,160,0.16,1.5,1.1,27,56,1.8,31.65,6.3,0.79,66,76
0.403,1.55,4.7,10,128,0.143,1.5,0.62,165,15,6.23,27.13,7.35,0.06,82,78
0.41,3.74,1.9,15,133,0.28,1.1,0.48,79,6,1.7,6.28,5.97,0.93,67,77
0.45,1.53,1,47,53,0.33,0.8,0.48,103,88.125,1.6,13.55,3.12,0.27,90,77
0.45,1.79,1.7,41,78,0.39,1.2,0.49,175,7,1.3,12.89,4.02,0.28,79,78
0.5,8.46875,4.3,3,43,0.29,3,1.9,129,7,1.5,12.12,7.38,0.33,79,75
0.5,2.59,2.2,12,97,0.43,1.6,1.2,222,1,3,11.68,5.05,0.12,81,79
0.51,1.96,10.8,6,120,0.07,1.3,0.61,33,88.125,1.1,0.54,5.35,0.42,58,76
0.56,2.76,2.6,31,80,0.11,2,1.3,23,35,2,3.91,4.87,0.28,44,77
0.574,1.61,8.8,5,106,0.077,1.5,1.4,92,33,1.6,17.74,16.08,0.28,94,76
0.58,2.65,1.3,44,82,0.34,1.2,0.46,149,1,0.84,8.5,4.28,0.07,78,78
0.61,1.17,3.2,27,76,0.41,0.9,1.4,201,11,1.6,10.83,5.55,0.62,76,78
0.617,2.03,10.6,32,120,0.064,1.4,0.92,340.5,88.125,1.3,0.54,6.61,0.57,58,75
0.63,6.73,0.78,4,63,0.42,2,0.79,181,1,1,5.51,4.14,0.36,61,78
0.818,3.34,3.4,29,99,0.334,3.5,7.8,83,10,3.3,53.88,8,1.82,67,75
0.84,2,1.19,28,55,0.41,2.2,0.39,165,4,0.54,5.28,4.41,0.05,69,79
0.86,4.64,1.9,34,122,0.37,1.3,1.4,172,15,2.6,29.58,5.99,0.2,70,76
0.871,2.66,3.4,2,111,0.67,1.7,20.2,340.5,58,3.8,32.23,11.06,0.72,83,76
0.9,5.6,6.04,5,85,0.43,2.3,2,15,14,2.5,50.22,9.36,0.34,83,75
1.17,1.96,2.6,15,99,1.13,3,1.9,46,26,2.4,18.7,6.67,0.84,82,77
1.17,2.53,3.7,24,75,0.71,1.4,3,244,2,2.7,11.03,3.98,0.38,69,78
1.24,1.72,2.1,25,66,0.46,1.4,1.6,214,88,1.8,47.31,3.42,0.19,72,77
1.25,0.79,3.3,44,70,0.41,2.4,4,340.5,50,3.7,15.15,5.24,0.28,72,77
1.348,3.23,3.8,14,78,0.95,1.8,2.2,340.5,68,3.7,17.64,6.53,0.17,79,77
1.55,2.41,2.7,19,21,0.84,8.4,3.3,7,20,3.2,4.33,9.96,0.19,63,77
1.74,3.3,1.85,17,76,0.35,1.1,2,112,12,2.2,7.08,2.62,0.16,76,78
1.75,5.3,1.19,19,144,0.39,1.3,4.6,109,33,4.5,37.7,3.32,0.43,67,75
1.84,1.54,2.1,47,58,0.43,1.4,4.86,27,88.125,2.8,11.05,8.36,0.57,87,76
1.87,4,1.37,24,67,0.13,3.3,3.4,78,73,3.1,21.67,4.13,0.22,64,76
2.041,1.42,6.1,31,76,0.918,1.8,6,340.5,8,5.9,10.58,8.79,0.582,71,76
2.08,0.66,0.452,38,120,0.125,2,3.8,137,14,3.8,118.83,2.99,0.308,67,75
2.13,4.3,7.24,12,59,0.33,1.5,1.3,162,17,2.1,119.34,7.26,0.188,66,75
2.139,0.58,2.3,44,69,0.358,2.6,0.68,207,20,0.68,31.63,5.48,0.051,77,77
2.52,1.03,1.5,24,47,0.59,1.4,5.7,90,11,5.7,6.95,3.21,0.108,75,78
2.64,3.3,1.38,7,71,0.76,3.4,1.6,154,21,2.1,1.2,7.54,0.091,87,78
2.65,4.3,1.27,8,108,0.72,2.8,1.7,215,23,2.8,8.35,2.6,0.029,58,77
2.99,3.21,1.6,16,78,1.15125,1,2.4,28,8,1.4,7.48,2.97,1.425,67,77
3.4,3.7,0.9,43,61,0.25,1.2,1,70,12,3.5,92,3.83,0.402,72,75
6.57,2.58,1.6,40,54,0.53,2.7,1.1,19,7,1.1,15.39,4.1,0.447,61,75
9.03,0.47,0.79,11,11,0.02,1.1,1.2,100,88.125,3.9,34.38,3.9,1.29,37,76
0.04,3.2,5.5,13,127,0.04,1.9,0.53,46,29,2.4,18.91,8.99,0.44,74,76
0.078,3.16,2.3,16,177,0.5,1.8,14.8,103,1,3.5,6.25,5.06,0.42,65,76
0.08,1.28,2.6,21,150,0.03,1.8,0.89,72,11,1.3,29.1,9.14,0.46,81,76
0.1,1.98,4.8,15,126,0.06,0.9,0.63,47,6,1.2,20.05,8.11,0.75,95,77
0.1,1.71,2.6,17,106,0.06,1.6,1.4,3,11,1.5,7.46,5.5,0.34,77,78
0.126,2.92,1.8,14,137,0.11,1.5,1.3,79,22,1.7,3.84,4.51,0.38,77,78
0.23,2.4,2.62,20,82,0.13,2,2.2,61,7,2.1,8.44,6.28,0.54,68,78
0.24,1.64,4.1,47,121,0.04,2.7,1.1,56,7,1.4,26.94,5.59,0.67,87,76
0.27,1.96,2.1,30,114,0.188,2,0.39,160,1,17.2,19.85,16.64,0.89,89,75
0.41,1.65,2.4,46,146,0.11,1,0.83,67,88,1.4,34.16,4.96,0.5,84,75
0.42,5.4,4.14,9,108,0.1,0.5,0.41,40,35,1.4,49.07,6.46,0.98,71,76
0.541,1.57,4.3,6,177,0.38,1,4.2,307,3,3.1,30.35,4.9,0.91,87,77
0.72,6.3,3.69,5,193,0.31,2.2,2.8,286,72,5.6,17.18,10.02,0.2,94,75
0.738,3.24,2.5,19,124,0.065,2.5,2,131,24,8.6,42.3,5.23,0.48,72,76
1.1,2.55,5,16,167,0.05,1.1,0.45,34,6,1.2,41.54,2.15,0.52,88,77
0.15,1.9,5.21,12,70,0.05,1,1.4,19,4,1.1,47.85,6.54,0.03,83,78
0.15,2.5,10.9,29,66,0.08,4.4,1.3,102,54,1.6,36.66,15,0.74,80,75
0.15,1.01,3.8,11,61,0.11,3,1.2,44,2,2,8.23,8.25,0.25,79,79
0.2,1.33,0.99,44,55,0.16,2.7,1.9,68,21,4.1,11.29,4.32,0.45,86,78
0.23,3.6,3.72,23,35,0.09,1.2,1.7,71,72,0.85,22.03,6.53,0.05,72,78
0.24,2.8,2.4,22,52,0.18,2.1,0.83,55,13,1.3,108.69,4.15,0.04,82,77
0.29,0.7,0.66,40,49,0.24,1.5,1.4,188,13,1.5,28.2,2.46,0.38,70,79
0.29,2.62,4.9,41,129,0.19,0.9,1.3,62,4,0.69,1.29,6.58,0.67,68,76
0.31,1.78,1.6,37,84,0.11,1.1,0.79,150,11,1.5,11.32,2.47,0.046,94,78
0.36,1.56,0.8,39,57,0.03,2.2,1,128,4,0.99,0.94,2.25,0.475,91,79
0.383,3.23,2.3,47,82,0.137,2.1,1,94,48,1,21.97,4.5,0.334,81,76
0.44,6.29,11.28125,36,79,0.12,5.7,2.9,69,19,2.8,22.62,7.81,0.14,57,76
0.48,3.4,1.3,36,73,0.03,0.8,0.4,22,1,0.4,12.15,1.8,0.101,98,79
0.52,1.06,2.1,47,80,0.027,2.3,0.7,56,26,1,49.96,4.84,2.803,56,77
0.55,0.8,0.22,30,19,0.27,1.7,0.58,234,88.125,0.55,9.43,2.62,0.716,74,79
0.55,2.3,0.42,54,52,1.15125,0.2,1.2,55,72,1.3,6.2,8.4,0.194,90,77
0.61,1.23,2.4,37,75,0.04,2,1.2,33,19,1.6,0.38,4.78,0.359,79,78
0.64,3.5,2.18,37,38,0.36,1.7,2.5,68,17,1.9,8.81,3.68,0.343,72,78
0.65,3.5,1.3,15,67,0.49,1.7,1.5,79,43,1.2,10.26,4.26,0.05,72,79
0.66,3.35,5.1,30,131,0.18,2.5,2.8,1,39,4.1,7.49,5.36,0.07,62,75
1.13,1.21,0.77,39,47,0.806,1.2,1.4,62,8,1.4,6.51,2.76,0.39,85,79
1.14,2.25,1.8,30,48,0.847,2.6,1.5,136,16,1.4,8.49,3.99,0.06,75,78
1.186,1.93,7.2,41,35,0.831,1,3,63,6,1.5,1.29,9.77,0.07,61,76
1.26,1.5,11.28125,10,43,0.19,0.9,0.8,188,5,0.6,23.45,4.41,0.39,82,77
1.27,1.9,4.73,28,75,0.11,1.4,1,33,48,0.8,21.44,7.87,0.14,83,77
1.3,3.15,1.5,48,41,0.38,2.7,1.8,126,2,3.5,2.22,4.49,0.287,64,77
1.33,0.6,4.1,21,116,0.47,0.9,1.8,156,17,1.3,8.61,6.34,0.453,71,77
1.474,2.62,2.3,19,37,0.599,1.5,2.2,31,1,2.2,23.71,3.99,0.125,72,79
1.56,3.38,2.7,45,49,0.82,1.6,3.8,97,9,2.3,7.69,5.1,0.831,59,76
2.121,8.46875,1.7,45,78,0.043,1.1,1.9,37,88.125,2.4,1.36,3.45,0.391,69,77
2.256,2.31,4,41,71,0.099,1.3,0.77,111,1,0.76,2.97,6.61,0.524,90,77
2.78,2.05,1.9,19,38,1.15125,3,3.3,107,1,3.2,12.87,4.72,0.95,58,78
4.72,2.65,0.88,6,55,0.48,1.2,1.4,238,8,1.4,68.1,1.9,2.835,71,77
5.278,1.16,0.8,30,63,0.255,2.1,0.69,340.5,4,0.63,0.95,2.24,0.105,91,77
5.66,0.82,3.2,12,105,0.08,1.8,0.76,55,88.125,0.79,15.94,5.45,0.17,91,75
5.808,1.17,9.2,26,43,0.44,0.8,2,140,29,1.4,13.26,6.7,2.004,70,75
6.09,1.87,1.5,0,40,0.28,1.4,3.3,34,11,3,10.04,4.2,0.496,65,78
6.44,7.7,1.64,8,88,0.39,1.9,2.4,66,7,2.2,68.71,4.19,1.37,73,77
6.809,0.504,3.4,24,63,0.453,1.2,2.3,110,5,2.2,8.14,5.45,0.363,69,76
0.05,0.67,1.2,14,126,0.03,1.2,0.54,68,41,0.63,9.81,3.06,0.374,100,79
0.06,3.5,7.3,14,74,0.05,0.9,2.4,207,1,1.2,27.91,10.63,0.429,82,77
0.06,1.42,2.3,25,122,0.03,0.7,0.34,128,1,5.7,19.81,2.38,0.383,69,78
0.07,1.5,11.28125,27,66,0.03,0.8,0.45,340,3,0.93,25.04,5.48,0.432,86,76
0.078,1.09,2.9,19,98,0.06,2.6,0.72,27,43,1.4,45.78,4.74,0.483,80,78
0.08,1.26,3,0,103,0.04,2.4,2.3,129,7,2.3,44.2,3.1,0.818,87,79
0.09,1.6,9.28,6,82,0.03,1.4,0.6,64,2,0.5,37.05,12.83,0.414,78,77
0.14,1,3.81,38,54,0.05,1.3,16.9,50,4,10.7,32.19,5.68,0.377,80,77
0.17,1.35,3.7,19,59,0.09,1.3,0.52,35,27,0.89,16.83,4.13,0.599,89,79
0.179,1.47,3.1,46,100,0.05,0.9,1.2,61,32,1.5,25.37,4.17,30.489,60,76
0.19,0.98,5.5,38,78,0.04,1.4,1.2,59,16,0.87,14.42,6.49,0.157,87,77
0.21,0.82,2.2,9,101,0.07,0.8,0.75,115,85,6.7,55.68,0.38,0.844,70,79
0.214,1.65,4.8,48,48,0.12,2.1,1.3,50,26,2.5,11.2,6.23,0.099,69,77
0.22,1.91,4.8,9,81,0.03,3,0.82,340.5,36,15.4,13.25,5.13,0.078,72,79
0.24,2.51,3.7,30,141,0.11,1.5,0.45,93,10,2.1,68.59,4.52,0.065,87,75
0.24,2.55,2.6,37,59,0.23,1.2,0.73,340,12,0.56,6.59,3.09,1.019,82,78
0.25,1.31,2.2,22,83,0.14,0.9,0.92,50,66,1.1,35.8,4.45,0.101,65,78
0.25,1.55,5.4,40,71,0.34,1.5,14.8,291,5,0.98,30.41,6.85,0.052,81,76
0.254,1.99,3.1,13,97,0.101,1.2,1.4,151,88.125,0.62,21.05,4.96,0.07,82,78
0.277,2.15,2,20,78,0.98,2,6.9,151,5,1,16.02,4.64,0.03,47,78
0.29,0.83,3.7,14,83,0.58,1.2,1.3,3,12,2,22.01,5.43,0.06,78,79
0.34,0.78,5.2,27,69,0,0.9,1.5,218,49,1.3,17.38,3.91,0.061,85,78
0.38,1.5,3.03,49,53,0.3,1.4,0.67,184,8,0.55,3.91,5.89,0.13,86,78
0.397,6,1,44,22,0.295,4,3.1,121,11,3.7,23.33,7.32,0.045,64,77
0.404,2.59,4.5,36,53,0.14,3.6,4.4,122,1,2,7.06,5.04,0.14,66,77
0.43,2.1,5.25,48,72,0.3,1.6,1.1,340.5,9,1.3,8.52,8.55,0.049,80,77
0.43,1.75,1.2,11,91,0.33,6.8,2.3,191,4,1.9,0.28,25.72,0.04,61,76
0.473,0.97,4.4,9,99,0.067,0.9,1.3,340.5,16,1,33.15,6.06,0.03,86,78
0.587,0.99,4.4,18,100,0.45,0.9,1.4,173,3,1.4,33.08,6.14,0.029,86,78
0.63,1.03,4.7,31,91,0.37,1.1,1.8,128,27,2,10.33,4.08,0.11,69,77
0.636,4,2.2,17,135,0.11,1.5,0.8,184,3,0.91,7.49,6.49,0.05,34,76
0.64,1.6,1.1,27,41,0.29,1.4,0.61,239,12,0.73,12.87,3.14,0.13,71,79
0.64,0.96,3,29,141,0.13,1.2,1.7,91,48,1.4,0.46,4.55,0.16,85,77
0.741,1.69,1.5,49,61,0.363,0.9,1.4,100,19,1.5,9.98,2.43,0.409,81,78
0.79,3.63,3.9,13,96,0.41,3.6,2.6,340.5,3,1.8,13.41,5.4,0.11,57,77
0.85,0.48,1.3,32,116,0.42,1,2,26,16,1.9,17.08,1.09,0.03,46,79
0.88,2.63,1.6,35,73,0.45,1.1,1.5,117,19,2.2,16.4,3,0.37,88,78
0.97,4.71,4.3,2,44,0.75,3.6,3.3,340.5,50,5,2.28,6.18,0.04,67,77
1.08,2.8,2.38,44,44,0.33,1.1,1.4,340.5,12,1.3,75.55,3.82,0.18,78,79
1.08,4.8,2.69,16,76,0.47,1.8,2.2,156,8,2.2,27.87,4.21,0.04,66,78
1.159,4,2.33,31,42,0.41,1.6,2.8,193,88.125,2,37.41,3.61,0.18,66,75
1.166,0.43,3.8,33,167,0.05,1.1,0.53,135,42,2.1,50.37,2.65,0.36,86,75
1.23,0.52,2.2,36,74,0.44,0.7,1.8,340.5,43,5,71.16,6.15,0.34,72,76
1.26,3.06,5.3,2,120,0.45,3.2,4.2,96,58,3,18.68,10.44,0.09,61,75
1.29,1.26,1.6,17,111,0.32,1.2,2.9,104,8,2.3,8.03,3.17,0.14,65,78
1.34,4.43,1.7,36,79,0.32,2,2.8,138,4,7.2,12.31,7.59,0.34,67,75
1.393,2.74,6.2,7,115,0.382,3.4,4.1,245,75,3.1,18,9.53,0.48,61,75
1.45,2.9,1.54,16,42,0.85,1.1,1.9,149,13,0.69,19.17,2.7,0.38,83,79
1.49,7.1,3.5,40,52,0.69,2.9,5.9,95,15,4.4,35.08,6.48,0.51,54,77
1.5,1.73,0.93,26,41,0.03,3.6,1.6,192,3,1.4,1.9,4.72,0.75,72,79
1.53,2.26,2,38,100,1.11,1.8,3.4,84,76,3.1,19.92,4.17,0.43,70,76
1.636,3.68,1.4,3,92,0.429,0,3,296,1,2.9,3.87,0.51,0.23,71,79
1.82,3.12,3.8,11,49,1.15125,3.4,3.3,285,15,5.6,120.32,7.05,0.03,46,75
2.53,2.18,2,6,101,0.71,2.2,3.3,51,76,3,19.92,4.54,0.26,70,77
2.95,1.28,1.7,45,75,0.06,1.4,1.7,154,9,3.3,20.38,1.92,1.61,71,77
5.11,1.51,3.1,40,78,0.05,0.6,0.59,99,5,0.5,36.35,5.74,0.92,78,75
5.27,1.5,1.4,34,34,0.16,0.6,0.21,248,6,0.96,11.63,2.82,3.4,80,77
5.82,2,3.1,1,94,0.39,0.6,0.32,340.5,7,1.2,21.23,4.27,0.03,87,76
5.82,0.85,5.5,37,50,0.52,1.7,2,340.5,24,3.2,13.06,7.51,0.36,77,75
5.98,1.31,2.8,3,45,0.06,2.4,2.2,95,6,2.3,30.61,11.06,2.63,76,76
6.03,2.93,1.3,7,46,0.22,1,1.7,108,5,1.7,6.53,2.5,0.37,74,78
0.104,0.3,3.2,48,23,0.101,4.9,17.1,102,6,1.4,1.54,5.07,0.39,78,79
0.21,1,3,28,224,0.14,1,0.92,340.5,38,6.5,2.23,4.91,0.44,73,75
0.72,1.8,11.28125,16,37,0.35,1,2.6,66,5,1.6,18.84,2.981,0.23,66,77
0.81,5.04,9.9,42,52,0.57,0.9,0.26,36,6,1.1,32.87,6.48,0.77,86,76
0.861,0.92,2.9,21,13,0.393,3.9,7.2,192,9,1.7,1.39,4.45,0.06,59,79
1.07,0.75,6.8,36,55,0.06,1.5,0.65,16,67,0.63,22.82,8.69,0.69,97,77
1.11,1.61,1.1,40,41,0.5,1.3,1.7,91,62,1.7,39.29,2.15,0.37,67,78
1.2,1.58,0.33,38,28,0.95,2.3,1.2,340.5,10,1.1,9.99,3.04,0.38,68,79
1.49,6.3,2.09,38,39,0.51,1.6,1,52,3,1.5,92.74,4.37,0.16,65,75
1.77,1.13,0.78,49,49,0.48,1.3,2.8,159,12,2.2,13.56,5.82,0.44,73,77
1.825,2.67,0.72,38,33,0.542,1.3,1.7,103,47,1.5,7.87,9.45,1.06,67,77
2.742,0.21,1.6,34,13,0.447,0.9,10.3,79,7,1.5,36.02,3.66,0.36,71,78
4.503,1.04,6.5,13,89,0.582,1.3,2.9,24,81,4.3,18.37,7.98,0.66,89,75
5.16,2.88,0.87,15,12,0.69,2,6.6,66,22,6.5,0.99,3.75,0.81,45,78
6.74,2.2,0.9,37,29,0.36,1.2,2,43,6,1.4,14.79,2.31,0.61,83,77
0.058,1.43,5.4,18,82,0.029,1.2,6.6,70,41,6.3,20.99,3.18,0.59,99,78
0.13,0.92,1.82,11,62,1.15125,1.1,0.92,126,70,0.8,71.72,3.59,0.06,67,78
0.14,0.26,6.6,18,28,0.09,0.9,0.52,81,1,2.1,3.61,9.5,0.48,58,79
0.15,0.33,1.6,45,57,0.13,0.6,0.49,206,6,3.4,1.54,3.69,0.43,68,79
0.22,0.81,1.82,14,62,0.03,1.4,0.79,54,70,0.68,71.72,3.72,0.12,67,78
0.22,6,1.5,42,48,0.1,1.6,0.59,71,3,0.59,23.54,3.01,0.16,74,77
0.28,0.59,2,29,57,0.13,1.8,0.55,36,6,0.63,94.46,2.88,0.13,81,78
0.3,0.91,0.89,46,33,0.04,0.6,0.28,295,1,0.36,17.92,1.38,0.39,69,79
0.33,1.09,1.1,37,28,0.13,1,0.51,81,88.125,0.61,12.14,2.86,0.35,67,78
0.36,1.34,2.16,31,58,0.35,0.5,2.1,167,88.125,0.71,14.43,2.19,0.13,66,77
0.37,1.02,3.9,6,258,0.16,0.9,1.1,82,5,6.5,21.39,5.83,0.45,76,76
0.37,1.19,1.5,34,30,0.16,3.5,1.6,176,17,1.6,6.02,4.57,0.847,52,79
0.38,4.26,11,0,105,0.259,3.8,0.91,77,9,1.8,26.97,0.34,0.97,73,77
0.408,1.2,2.4,39,154,0.308,0,0.72,221,29,1.2,61.2,0.86,0.44,83,76
0.412,0.52,4.2,15,125,0.109,0.9,1.5,79,3,1.3,9.8,6.77,0.48,95,78
0.42,3.34,1.7,19,64,0.39,0.8,2.1,89,8,5.3,12.52,3.09,0.07,98,79
0.55,1.01,3.3,1,239,0.1,1,1.1,185,3,1.3,2.29,1.91,0.39,62,77
0.69,1.29,1.9,32,140,0.14,2,0.65,98,55,1.5,17.53,2.08,0.4,67,76
0.7,0.48,1.4,48,31,0.38,1.6,5.6,340.5,1,0.56,3.79,2.54,0.542,73,79
0.73,4.08,3.7,23,31,0.48,1,2.6,251,1,1.2,4.84,5.18,0.03,71,78
0.77,2.9,2.96,47,62,0.63,1.3,0.62,333,32,1.8,42.38,2.21,0.22,74,77
0.81,1.96,1.8,24,72,0.44,1,2.3,97,9,1.9,18.71,3.2,81,80,78
0.97,2.76,0.59,41,23,0.7,2.4,5.3,146,10,4.8,1.07,3.66,1.7,73,79
1,0.67,2.612,25,119,0.416,0.8,1.4,155,1,2.2,7.51,3.51,0.4,75,78
1.019,3.96,7.1,34,49,0.374,2.5,4,233,21,8.3,36.39,3.64,1.87,62,76
1.1,0.99,3,41,43,0.03,1.1,0.62,161,9,0.58,19.36,6.09,0.59,94,78
1.13,2.4,1.57,33,46,0.45,1,1.9,77,15,1.6,18.2,2.93,0.452,79,79
1.16,3.5,3.22,26,171,0.25,2.3,2.5,213,1,1.4,50.59,5.35,1.93,74,75
1.19,1.5,0.44,44,24,0.12,6.8,2.6,147,4,2.2,10.03,1.26,0.29,72,79
1.2,0.47,2.8,41,84,0.03,1.1,0.62,150,11,1.6,17.86,4.8,0.5,79,77
1.2,0.58,1.8,36,62,0.05,0.9,2.7,119,11,3.2,1.62,2.51,0.49,62,79
1.21,2.8,1.75,11,45,0.82,1.4,2.7,53,2,2.6,11.54,3.66,0.03,82,79
1.24,1.55,9.5,23,50,0.43,2.6,18.3,108,17,13.7,24.3,12.25,0.4,68,75
1.411,3.13,0.74,30,48,0.619,1.5,2.3,159,9,2,9.34,1.94,0.13,82,79
1.46,3.2,4.85,23,82,0.67,1.3,2.4,44,20,3.2,15.63,7.2,0.56,87,77
1.742,3.15,1.1,9,110,0.483,1.3,2.5,131,4,2,10.52,2.69,0.46,69,78
1.775,1.531,1.1,35,47,1.15125,2.3,1.6,52,8,1.4,9.99,3.64,0.03,75,77
1.826,1.49,3.8,11,51,0.383,1.1,1.2,59,14,1.3,17.37,5.19,0.32,72,79
1.92,3.8,0.57,18,20,1.15125,2.1,3.4,56,44,3,13.06,2.85,4.46,83,79
1.988,1.64,1.9,39,43,1.15125,1.3,2.5,340.5,2,1.9,7.28,3.87,0.806,66,78
2.027,0.66,1.7,49,10,0.088,1.3,1.1,136,3,1.1,1.05,2.73,0.46,68,79
2.217,2.95,0.87,49,12,0.27,1.9,2.9,97,7,2.4,99.87,3.19,0.04,62,77
2.26,3.7,7.98,31,50,0.38,0.9,2.7,134,69,1.2,27.9,11.17,0.01,72,76
2.321,1.4,2.4,45,67,0.414,2.2,3.5,225,1,2.2,2.3,4.92,0.11,80,77
2.5,1.2,1.2,40,48,0.81,1.1,0.65,340.5,6,1,4.89,3.07,0.18,69,78
3.37,3.54,0.68,48,58,0.4,1.2,1.4,103,31,1.7,32.4,2.49,0.52,80,76
3.46,2.2,1.36,25,48,0.48,1.2,1.4,133,88.125,1.6,16.77,2.43,0.28,80,78
3.56,5.34,3,1,57,1.15125,0.6,0.17,39,22,0.89,45.07,3.89,0.12,75,77
5.38,0.75,2,47,41,0.29,2.9,0.64,216,10,0.5,14.87,3.38,1.52,82,76
0.03,3,6.8,8,223,0.03,2.1,0.79,60,4,2.4,4.7549,6.84,0.16,69,75
0.05,6.1,1.2,4,187,0.02,1.8,1,85,42,1.4,1.13,4.16,0.39,84,76
0.08,2.74,10,5,20,0.05,0.9,2,149,2,4.9,5.2,9.33,0.06,88,79
0.1,2.6,7.41,22,59,0.06,0.45,1.1,62,3,1.1,2.46,12.39,0.38,74,77
0.11,1,5.21,6,79,0.03,1,0.63,100,4,0.57,44.62,7.65,0.13,66,79
0.267,2.03,4.5,31,27,0.17,1.2,1.2,234,88.125,7.15,24.13,7.03,0.47,73,76
0.28,6.5,3.9,13,2,0.07,1.3,1.2,137,4,2.3,4.01,1.65,0.53,69,79
0.31,1.63,5.8,19,86,0.11,0.9,1.6,173,48,0.33,155.34,7.78,0.43,82,75
0.34,5.9,1.92,3,144,0.12,0.8,2.6,56,1,0.73,40.67,4.28,0.33,89,76
0.34,0.13,0.37,44,29,0.31,1.7,4.3,108,1,5.6,3.88,8.38,0.43,62,79
0.43,2.87,0.51,19,72,0.24,1.4,0.43,117,71,0.87,13.89,1.56,0.416,78,79
0.47,0.73,1,32,63,0.12,0.7,0.97,161,11,2.8,36.15,2.68,0.899,78,79
0.5,0.36,1.1,45,15,0.2,1.2,3.4,133,13,4.3,18.98,5.15,0.055,67,79
0.65,3.1025,7.7,33,1,0.43,0.9,1.2,78,30,1,14.86,1.34,0.077,79,79
0.66,1.2,1.5,13,55,0.61,0.6,3.4,168,11,4,56.38,1.75,0.069,69,79
0.84,3,1.8,13,164,0.45,1,2,72,9,0.52,5.4,3.252,0.177,63,77
0.89,2.19,1.9,23,117,0.38,2.1,0.58,72,88.125,1,25.32,5.32,0.109,78,76
0.97,3.9,1.19,8,50,0.4,1,2.2,53,2,1.6,10.98,2.56,0.067,77,79
1.08,0.23,4.8,12,84,0.36,1.1,8.4,46,2,3.4,14.96,6.45,1.32,52,78
1.42,1.18,0.94,31,38,0.5,1.1,1.8,124,3,2.2,68.3,2.87,0.06,76,79
1.6,1.9,2.33,28,88,0.62,2.6,5.8,296,4,4.8,1.22,5.56,0.918,68,77
1.63,3.8,2.94,9,55,0.89,2.4,2.6,261,4,2.2,56.32,5.73,0.382,62,78
2.02,1.85,1.762,38,8,0.75,3.8,1.3,43,1,1.46,16.34,12.87,0.45,67,77
2.05,2.56,2.3,14,84,1.15125,3.1,2.1,189,1,2.6,12.33,13.07,1.623,94,78
2.08,1.17,8.6,12,12,0.1,3.7,2.6,134,3,4.7,3.5,3.6,2.054,70,79
2.399,2.3,0.97,30,71,1.15125,17,9.3,163,4,5.7,14.69,5.336,0.08,74,76
2.45,1.2,4.32,15,58,1.15125,0.8,0.41,340.5,27,0.33,30.94,6.11,3.75,70,77
2.56,1,1.2,38,53,1.03,3.6,10,75,4,2.4,10.94,3.62,0.68,68,78
2.6,2.17,0.43,7,20,0.25,3.5,4.1,35,59,10.9,3.88,6.79,0.393,82,78
2.66,3.28,2,21,91,0.13,2.7,1.1,287,88.125,3.1,39.93,4.91,0.76,71,75
3.83,1.8,9.28,8,82,1.15125,2.1,0.95,33,3,0.79,2.17,3.4321,0.89,79,77
4.25,4.31,0.09,31,13,1.15125,3,1.7,13,20,1.6,6.03,4.38,0.45,78,78
5.49,0.57,0.14,36,14,0.34,1.4,0.78,45,5,0.2,1.54,1.87,0.58,81,79
5.87,1.61,0.62,13,20,0.74,1.4,2,106,2,1.9,11.1,2.82,0.3,90,79
12.325,3.65,4.6,37,301,1.15125,1.4,0.66,34,65,5.7,28.93,10.37,3.19,45,61
10.256,8.46875,3.26,35,172,0.12,4.4,1.8,340.5,60,2.7,14.58,6.58,1.21,40,64
11.987,8.46875,9.06,34,117,1.15125,4.5,4.6,110,88.125,6.8,11.2,17.84,0.34,48,63
9.236,8.46875,10,15,247,1.15125,4,8.7,108,87,8.8,55.87,25.16,0.5,51,62
4.1,8.46875,6.5,22,256,0.2,1.2,0.56,197,88.125,5.1,221.02,3.64,0.28,32,64
5.12,8.46875,8.7,47,258,0.06,1.9,1.1,121,58,2.3,39.81,8.73,8.44,75,64
5.369,8.46875,1.4,80,17,0.34,1,0.27,98,88.125,0.27,4.37,23.654,0.52,54,60
0.079,3.4,4.1,42,95,0.046,2.1,8,14,88.125,1.9,694.13,5.81,0.05,55,61
0.09,5.32,11.28125,30,307,0.01,1.3,1.2,22,53,2.2,31.59,35.06,2.46,83,61
0.46,3.53,11.28125,49,310,0.08,2.1,1.4,135,88.125,3.1,155.27,5.63,0.23,74,64
2.295,8.46875,8.1,9,331,1.15125,4.4,9.7,38,64,9.1,24.33,15.03,0.98,60,62
4.84,8.46875,10.1,48,251,1.15125,3.5,12.6,7,54,2.4,34.24,14.08,0.35,61,64
4.94,7.13,11.28125,18,312,1.15125,3.3,3.1,85,28,5.4,55.49,13.27,0.45,68,64
5.33,8.46875,11.28125,25,307,1.15125,7.5,3.1,124,5,1.2,0.12,21.79,0.37,55,60
11.71,8.46875,11.28125,4,122,1.15125,10.4,5,91,5,6.8,149.7,18.33,0.24,43,62
30.53,1.58,3.3,49,86,0.48,2.3,1,85,9,1.1,14.5,7.3,0.95,88,62
0.95,8.46875,11.28125,26,91,0.36,0.9,1.7,215,27,4.7,11.93,24.3,0.45,80,64
3.19,8.46875,3.58,40,519,1.15125,0.98,20.7,248,11,9,0.13,5.66,2.96,56,61
5.58,8.4,1.96,21,467,0.2,1.8,0.63,122,55,1.1,18.21,1.91,1.43,67,64
13.236,3.51,2.8,49,167,0.1,1.1,0.62,97,77,3.1,113.7,7.27,0.95,52,65
4.4,8.46875,9.7,24,205,0.33,2,0.89,63,80,2.2,40.5,11.3,0.27,39,67
5.78,8.46875,7.7,35,133,0.4,2.3,0.45,122,41,0.5,37.09,11.7,5.69,68,67
7.236,8.46875,7.06,21,144,0.05,1.5,0.7,290,88,1.8,15.33,13.4,0.97,56,68
10.08,3.97,3.4,36,287,0.63,2,2.3,152,88,8.3,20.6,14.59,2.44,51,67
0.14,7.97,11.28125,6,286,0.28,1,3.1,190,6,3.6,25.42,14.12,0.04,76,69
7.2365,4.31,11.28125,22,117,0.055,3.1,2.9,181,88.125,2.5,29.68,16.08,0.71,67,67
0.388,2.66,11,36,335,0.75,1.3,57.6,33,31,4,38.4,8.48,1.11,82,66
0.44,8.46875,8.97,34,151,0.36,1.5,6.9,123,88.125,8.9,41.2,10.82,0.04,86,68
0.653,1.33,5.2,12,87,0.42,0.9,5.1,74,21,3.1,669,7.07,0.39,83,69
1.89,4.79,7.8,35,349,0.64,2.2,1.9,47,48,5.5,125.32,5.1,0.35,82,67
2.027,8.39,9.5,11,199,1.15125,6.7,5.8,88,88.125,5.7,34.81,14.06,0.03,58,68
3.27,6.4,11.28125,7,225,0.97,6.1,3.4,117,57,5.3,17.87,10.23,0.04,49,69
4.3,8.46875,2.1,47,116,0.26,4.7,43.8,103,7,12.5,104.01,20.68,0.7,72,66
5.14,8.46875,8.3,34,143,0.03,1.3,2.3,47,7,2.2,34.82,11.33,0.04,79,68
5.89,8.46875,6,39,91,0.475,1.2,17.5,340.5,8,1.2,16.1,7.99,1.7,61,67
9.256,2.45,8.3,20,154,1.15125,1.9,0.9,214,50,1,25.48,13.03,0.03,69,68
0.33,5.08,9.8,47,216,0.07,2.4,2.3,219,46,4,104.58,14.92,0.07,80,68
0.36,8.46875,11.1,23,244,0.18,2,3,70,11,2.9,118.3,9.27,0.13,87,67
0.54,2.43,11.28125,24,156,0.34,1.7,1.2,75,88.125,1.6,23.1,18.58,0.08,76,66
1.99,5.96,11.28125,14,225,0.44,3,2.7,22,86,3.3,15.41,10.23,0,73,69
2.88,2.71,11.28125,7,250,0.38,1.4,2.9,15,15,11.5,138.38,5.03,0.82,66,69
3.21,8.46875,8.83,23,116,0.75,0,12.7,247,7,14.3,111.93,2.5,0.09,67,68
4.843,8.46875,11.28125,8,204,1.15125,2.9,3.3,90,12,11.7,67.85,10.03,0.03,62,67
5.78,6.6,4.51,32,105,1.15125,4.7,6.4,30,88.125,2,118.98,12.9,0.33,78,68
0.1,0.83,11.28125,44,64,0.03,3.4,1.8,226,5,1.8,19.25,34.58,3.79,79,68
0.13,3.2,0.96,20,76,0.04,1.1,1.1,67,88.125,3.1,35.99,1.94,0.71,59,68
0.16,7.8,1.93,8,578,0.03,0.6,1.2,74,38,4.6,8.69,1.85,0.4,74,65
0.2,5.5,11.28125,43,129,0.08,2.2,4.5,4,5,5.2,47.59,27.61,0.73,83,69
0.91,1.44,1.5,41,32,0.37,5.6,5,98,13,4.1,727,10.1,0.69,66,65
1.597,0.85,6.8,9,113,0.76,2.9,2.9,144,88.125,4.2,17.09,13.49,0.16,55,66
4.328,4.54,5.3,7,113,1.15125,4.3,6.2,173,43,1.6,0,56.09,0.29,56,69
5.42,3.17,5.8,24,104,1.15125,2.5,2.2,177,19,2.5,11.41,53.37,0.41,68,65
0.09,8.46875,7.96,32,109,0.07,1.2,0.5,81,54,2,29.58,5.25,0.26,88,65
1.265,8.46875,11.28125,0,150,0.414,2.1,3,51,88.125,12.7,33.84,13.18,0.07,80,68
1.8,5.6,11.28125,25,107,0.72,4.4,3.6,192,1,1.7,10.22,27.54,0.217,76,69
1.92,6.03,1.6,14,100,0.32,3.8,4.3,95,81,4.7,18.02,50.86,1.21,87,68
2.46,8.11,2.9,40,286,0.16,1,1.6,154,41,1.2,9.59,1.79,0.088,54,69
9.36,5.75,4.7,5,90,1.15125,7.2,7.4,72,88.125,7.7,12.36,11.32,2.29,58,69
3.46,1.75,11.28125,19,458,0.04,3.9,7.3,122,2,8,48.83,1.995,2.712,65,65
0.16,8.46875,3.54,26,429,0.04,1,0.51,95,49,1.4,81.11,4.91,4.604,64,67
1.8,5.46,8,45,265,0.93,2.1,2.9,86,88.125,3.6,57.64,7.77,0.27,78,67
14.321,8.46875,4.9,35,263,0.03,1.6,0.3,340.5,88.125,4,125.88,7.38,0.137,44,56
3.8,8.46875,4.5,90,33,0.26,1.2,2.2,107,88.125,3.5,110.16,44.658,0.706,52,51
7.689,8.46875,4.16,130,139,0.56,3.4,2.5,136,88.125,2.4,22.2,9.74,0.043,44,49
15.8,8.46875,10.5,120,148,0.12,2.1,2.1,66,88.125,2.2,14.38,14.54,0,52,55
16.569,8.46875,2.6,70,212,1.15125,7.1,5.8,77,88.125,4.1,120.4,28.23,2.44,52,51
60.93,8.46875,1,14,320,1.15125,8.365,2.3,76,88.125,1.1,1.36,32.27,1.101,51,32
0.07,8.46875,3.82,2,1203,0.04,1.5,0.78,69,3,6.4,0.61,8.79,3.151,76,40
0.18,5.8,11.28125,40,361,0.061,1.5,1.4,94,25,1.6,460.46,13.07,1.319,86,58
0.26,8.46875,6.59,5,864,1.13,2,2.3,302,25,4,0.3,14,0.619,52,51
1.06,8.46875,1.57,44,186,0.18,1.8,1.8,95,3,6.3,486.86,7.02,0.058,69,57
5.93,6.24,11.28125,46,335,0.59,3.5,1.1,249,21,4.5,92.03,39.98,0.143,70,54
0.81,7.02,3.9,13,206,0.43,44.1,0.81,218,3,10.6,165.62,70.84,0.358,87,59
2.19,8.46875,4.55,44,997,0.03,2.1,2.4,92,3,16.6,124.05,19.66,0.255,51,48
2.25,8.46875,3.98,6,576,0.05,1.4,6.3,251,8,11.7,54.69,21.58,0.064,56,52
3.307,8.46875,11.28125,36,362,1.15125,7.3,4.7,92,3,12.1,22.92,27.96,0.4,68,59
12.99,8.46875,11.28125,12,175,1.15125,4.7,4.4,56,45,9.2,24.51,10.25,0.414,60,55
60.07,3.72,5.4,6,158,0.24,4.2,3.4,59,19,3.4,12.26,4.69,0.04,84,47
4.99,8.46875,11.28125,34,69,0.28,5.1,5.8,222,9,3.3,11.86,52.26,0.07,65,53
7.89,8.46875,11.28125,46,108,0.95,3.1,2.9,82,24,16.5,17.49,35.85,0.183,54,58
